episode,episode_seed,taskset_seed,scenario_seed,network_seed,exploration_seed,replay_seed,total_util,num_tasks,taskset_fingerprint,steps,step_count,selected_action_count,total_reward,epsilon,loss_mean,loss_last,accepted_actions,rejected_actions,noop_actions,explicit_noop_actions,noop_action_rate,explicit_noop_action_rate,accepted_action_rate,rejected_action_rate,safety_checked_actions,selected_invalid_mask_actions,action_space_type,action_count,budget_increase_ratio,budget_decrease_ratio,budget_floor_ratio,valid_action_count_mean,masked_action_count_mean,masked_decrease_hi_forbidden_count,masked_decrease_hi_forbidden_rate,masked_budget_floor_violation_count,masked_budget_floor_violation_rate,no_safe_action_steps,selected_explicit_noop_actions,selected_explicit_noop_rate,mode_changes,lo_cancellations,deadline_misses,job_starts,lo_overruns,hi_overruns,reward_job_start_sum,reward_lo_overrun_sum,reward_hi_overrun_sum,reward_mode_change_sum,reward_lo_cancellation_sum,reward_deadline_miss_sum,reward_paper_sum,reward_noop_bonus_sum,reward_budget_change_penalty_sum,reward_budget_change_norm_sum,reward_budget_drift_penalty_sum,reward_budget_drift_mean_sum,noop_exploration_prob,exploration_action_count,exploration_noop_action_count,exploration_noop_action_rate,observation_mode,state_dim,feature_safety_margin_min_mean,feature_safety_margin_min_p05
0,0,409,100000,0,0,0,0.65,12,3951c3bae678,20,20,20,-17.841868894450492,0.9905,,,20,0,0,0,0.0,0.0,1.0,0.0,20,0,single,25,0.025,0.015,0.9,20.333333333333332,4.666666666666667,0,0.0,40,0.041025641025641026,0,0,0.0,313,148,0,4739,148,313,0.0,-1.243543290996749,-4.673194616834738,-10.681587695622259,-1.243543290996749,0.0,0.0,0.0,0.0,0.5479928704847385,0.0,0.3562917882091478,0.0,20,0,0.0,v11_full_10d,128,0.003914905117495311,0.0
1,1,409,100001,0,0,0,0.65,12,3951c3bae678,20,20,20,-10.971874385757676,0.981,,,20,0,0,0,0.0,0.0,1.0,0.0,20,0,single,25,0.025,0.015,0.9,18.384615384615383,6.615384615384615,0,0.0,12,0.012307692307692308,0,0,0.0,172,194,0,5033,194,172,0.0,-1.5385203697077525,-2.4027754575824,-5.492058188759772,-1.5385203697077525,0.0,0.0,0.0,0.0,0.6673489356449747,0.0,0.2268739770819062,0.0,20,0,0.0,v11_full_10d,128,0.0,0.0
2,2,409,100002,0,0,0,0.65,12,3951c3bae678,20,20,20,-16.403926326286328,0.9715,,,20,0,0,0,0.0,0.0,1.0,0.0,20,0,single,25,0.025,0.015,0.9,21.153846153846153,3.8461538461538463,0,0.0,34,0.03487179487179487,0,0,0.0,287,148,0,4804,148,287,0.0,-1.2194464648550438,-4.250227555479725,-9.714805841096517,-1.2194464648550438,0.0,0.0,0.0,0.0,0.790062539100843,0.0,0.2877553453839345,0.0,19,0,0.0,v11_full_10d,128,0.006849787739118829,0.0
3,3,409,100003,0,0,0,0.65,12,3951c3bae678,20,20,20,-15.581442098824386,0.962,,,20,0,0,0,0.0,0.0,1.0,0.0,20,0,single,25,0.025,0.015,0.9,20.025641025641026,4.9743589743589745,0,0.0,6,0.006153846153846154,0,0,0.0,273,150,0,4821,150,273,0.0,-1.2404578253069687,-3.987116745107529,-9.113409703102922,-1.2404578253069687,0.0,0.0,0.0,0.0,0.6481968603143422,0.0,0.14770321474530793,0.0,20,0,0.0,v11_full_10d,128,0.0015473887814313348,0.0
4,4,409,100004,0,0,0,0.65,12,3951c3bae678,20,20,20,-15.653723318490837,0.9525,,,20,0,0,0,0.0,0.0,1.0,0.0,20,0,single,25,0.025,0.015,0.9,21.615384615384617,3.3846153846153846,0,0.0,10,0.010256410256410256,0,0,0.0,267,169,0,4820,169,267,0.0,-1.396360933434186,-3.91421783310249,-8.946783618519976,-1.396360933434186,0.0,0.0,0.0,0.0,0.8242912241325929,0.0,0.18893090740911586,0.0,19,0,0.0,v11_full_10d,128,0.004318661603582972,0.0
5,5,409,100005,0,0,0,0.65,12,3951c3bae678,20,20,20,-15.272555822810752,0.9430000000000001,,,20,0,0,0,0.0,0.0,1.0,0.0,20,0,single,25,0.025,0.015,0.9,22.58974358974359,2.41025641025641,0,0.0,6,0.006153846153846154,0,0,0.0,252,199,0,4871,199,252,0.0,-1.6362336977357486,-3.6522008257119474,-8.347887601627306,-1.6362336977357486,0.0,0.0,0.0,0.0,0.5462681821811314,0.0,0.2831509908536722,0.0,20,0,0.0,v11_full_10d,128,0.007837644932927077,0.001588628762541806
6,6,409,100006,0,0,0,0.65,12,3951c3bae678,20,20,20,-12.129893254644943,0.9335,,,20,0,0,0,0.0,0.0,1.0,0.0,20,0,single,25,0.025,0.015,0.9,19.871794871794872,5.128205128205129,0,0.0,10,0.010256410256410256,0,0,0.0,205,162,0,4994,162,205,0.0,-1.2945306256354292,-2.9037314792877638,-6.637100524086316,-1.2945306256354292,0.0,0.0,0.0,0.0,0.7626106953967416,0.0,0.11526591923766256,0.0,18,0,0.0,v11_full_10d,128,0.002031172976008227,0.0
7,7,409,100007,0,0,0,0.65,12,3951c3bae678,20,20,20,-14.125505152972934,0.924,,,20,0,0,0,0.0,0.0,1.0,0.0,20,0,single,25,0.025,0.015,0.9,20.333333333333332,4.666666666666667,0,0.0,6,0.006153846153846154,0,0,0.0,233,184,0,4896,184,233,0.0,-1.4961865622581796,-3.3883445303998263,-7.744787498056746,-1.4961865622581796,0.0,0.0,0.0,0.0,0.7796895848228197,0.0,0.17968591312681417,0.0,17,0,0.0,v11_full_10d,128,0.0,0.0
8,8,409,100008,0,0,0,0.65,12,3951c3bae678,20,20,20,-15.950714513427236,0.9145,,,20,0,0,0,0.0,0.0,1.0,0.0,20,0,single,25,0.025,0.015,0.9,22.17948717948718,2.8205128205128207,0,0.0,0,0.0,0,0,0.0,276,160,0,4850,160,276,0.0,-1.3099128566039695,-4.057227026153699,-9.273661774065596,-1.3099128566039695,0.0,0.0,0.0,0.0,0.7682821841766032,0.0,0.170497207924622,0.0,18,0,0.0,v11_full_10d,128,0.003027655525342852,0.0
9,9,409,100009,0,0,0,0.65,12,3951c3bae678,20,20,20,-14.94096683289727,0.905,,,20,0,0,0,0.0,0.0,1.0,0.0,20,0,single,25,0.025,0.015,0.9,21.615384615384617,3.3846153846153846,0,0.0,12,0.012307692307692308,0,0,0.0,249,188,0,4873,188,249,0.0,-1.5410276253941995,-3.609233959772265,-8.249677622336607,-1.5410276253941995,0.0,0.0,0.0,0.0,0.793236896950565,0.0,0.18097663344165496,0.0,18,0,0.0,v11_full_10d,128,0.0,0.0
10,10,409,100010,0,0,0,0.65,12,3951c3bae678,20,20,20,-16.15510148097287,0.8955,,,20,0,0,0,0.0,0.0,1.0,0.0,20,0,single,25,0.025,0.015,0.9,20.23076923076923,4.769230769230769,0,0.0,6,0.006153846153846154,0,0,0.0,286,138,0,4787,138,286,0.0,-1.1558984127480603,-4.213179677753792,-9.630124977722957,-1.1558984127480603,0.0,0.0,0.0,0.0,0.6975115524242257,0.0,0.22298167681981879,0.0,19,0,0.0,v11_full_10d,128,0.0023573096653577686,0.0
11,11,409,100011,0,0,0,0.65,12,3951c3bae678,20,20,20,-14.72038851214134,0.886,,,20,0,0,0,0.0,0.0,1.0,0.0,20,0,single,25,0.025,0.015,0.9,19.256410256410255,5.743589743589744,0,0.0,28,0.028717948717948718,0,0,0.0,242,197,0,4890,197,242,0.0,-1.6023338202450053,-3.5047846131112737,-8.010936258540053,-1.6023338202450053,0.0,0.0,0.0,0.0,0.8557566088070606,0.0,0.26211482885949366,0.0,20,0,0.0,v11_full_10d,128,0.0032206119162640897,0.0
12,12,409,100012,0,0,0,0.65,12,3951c3bae678,20,20,20,-13.1798041801219,0.8765000000000001,,,20,0,0,0,0.0,0.0,1.0,0.0,20,0,single,25,0.025,0.015,0.9,20.076923076923077,4.923076923076923,0,0.0,10,0.010256410256410256,0,0,0.0,226,155,0,4919,155,226,0.0,-1.2562352449786978,-3.2465798187457198,-7.420753871418786,-1.2562352449786978,0.0,0.0,0.0,0.0,0.7318522799920474,0.0,0.14416940246716387,0.0,18,0,0.0,v11_full_10d,128,0.002898893522621552,0.0
13,13,409,100013,0,0,0,0.65,12,3951c3bae678,20,20,20,-10.616269907116168,0.867,,,20,0,0,0,0.0,0.0,1.0,0.0,20,0,single,25,0.025,0.015,0.9,17.923076923076923,7.076923076923077,0,0.0,0,0.0,0,0,0.0,176,156,0,5030,156,176,0.0,-1.235400979871895,-2.479055462243768,-5.666412485128611,-1.235400979871895,0.0,0.0,0.0,0.0,1.0101956583389526,0.0,0.07061063427135575,0.0,15,0,0.0,v11_full_10d,128,0.0,0.0
14,14,409,100014,0,0,0,0.65,12,3951c3bae678,20,20,20,-17.624194809755238,0.8575,,,20,0,0,0,0.0,0.0,1.0,0.0,20,0,single,25,0.025,0.015,0.9,20.128205128205128,4.871794871794871,0,0.0,0,0.0,0,0,0.0,313,132,0,4715,132,313,0.0,-1.1155878539770732,-4.684831900548157,-10.708187201252931,-1.1155878539770732,0.0,0.0,0.0,0.0,0.9092649650891328,0.0,0.07135081604933424,0.0,18,0,0.0,v11_full_10d,128,0.0,0.0
15,15,409,100015,0,0,0,0.65,12,3951c3bae678,20,20,20,-14.22199435152497,0.848,,,20,0,0,0,0.0,0.0,1.0,0.0,20,0,single,25,0.025,0.015,0.9,20.846153846153847,4.153846153846154,0,0.0,28,0.028717948717948718,0,0,0.0,238,176,0,4873,176,238,0.0,-1.4457138904358424,-3.448433304111869,-7.882133266541413,-1.4457138904358424,0.0,0.0,0.0,0.0,0.6388897588752375,0.0,0.195109166652594,0.0,19,0,0.0,v11_full_10d,128,0.0038186583690746497,0.0
16,16,409,100016,0,0,0,0.65,12,3951c3bae678,20,20,20,-16.383455507105975,0.8385,,,20,0,0,0,0.0,0.0,1.0,0.0,20,0,single,25,0.025,0.015,0.9,21.41025641025641,3.58974358974359,0,0.0,0,0.0,0,0,0.0,285,160,0,4801,160,285,0.0,-1.3279530280591474,-4.177949832909294,-9.549599618078389,-1.3279530280591474,0.0,0.0,0.0,0.0,0.7651850756301102,0.0,0.1395167934379815,0.0,18,0,0.0,v11_full_10d,128,0.0,0.0
17,17,409,100017,0,0,0,0.65,12,3951c3bae678,20,20,20,-12.446009466781762,0.829,,,20,0,0,0,0.0,0.0,1.0,0.0,20,0,single,25,0.025,0.015,0.9,18.128205128205128,6.871794871794871,0,0.0,40,0.041025641025641026,0,0,0.0,183,251,0,5022,251,183,0.0,-1.9906399901832263,-2.5762220176046604,-5.888507468810651,-1.9906399901832263,0.0,0.0,0.0,0.0,0.8123700458750349,0.0,0.21172807858681977,0.0,19,0,0.0,v11_full_10d,128,0.0,0.0
18,18,409,100018,0,0,0,0.65,12,3951c3bae678,20,20,20,-11.653045382848555,0.8195,,,20,0,0,0,0.0,0.0,1.0,0.0,20,0,single,25,0.025,0.015,0.9,19.205128205128204,5.794871794871795,0,0.0,16,0.01641025641025641,0,0,0.0,199,152,0,4986,152,199,0.0,-1.217898790396348,-2.8052493310604785,-6.41199847099538,-1.217898790396348,0.0,0.0,0.0,0.0,0.8467911731875114,0.0,0.17732376462440586,0.0,17,0,0.0,v11_full_10d,128,0.001535984144679797,0.0
19,19,409,100019,0,0,0,0.65,12,3951c3bae678,20,20,20,-14.474313119657108,0.81,,,20,0,0,0,0.0,0.0,1.0,0.0,20,0,single,25,0.025,0.015,0.9,22.692307692307693,2.3076923076923075,0,0.0,0,0.0,0,0,0.0,250,157,0,4888,157,250,0.0,-1.2759624221450059,-3.628552953372594,-8.293835321994504,-1.2759624221450059,0.0,0.0,0.0,0.0,0.8354698502486066,0.0,0.18364243361566854,0.0,15,0,0.0,v11_full_10d,128,0.007736943907156674,0.0
20,20,409,100020,0,0,0,0.65,12,3951c3bae678,20,20,20,-16.241426171453742,0.8005,,,20,0,0,0,0.0,0.0,1.0,0.0,20,0,single,25,0.025,0.015,0.9,22.794871794871796,2.2051282051282053,0,0.0,0,0.0,0,0,0.0,286,141,0,4783,141,286,0.0,-1.1825056305749608,-4.223256711831599,-9.653158198472225,-1.1825056305749608,0.0,0.0,0.0,0.0,0.6993523038277921,0.0,0.15548067667471177,0.0,17,0,0.0,v11_full_10d,128,0.0,0.0
21,21,409,100021,0,0,0,0.65,12,3951c3bae678,20,20,20,-15.206613864547387,0.791,,,20,0,0,0,0.0,0.0,1.0,0.0,20,0,single,25,0.025,0.015,0.9,21.82051282051282,3.1794871794871793,0,0.0,6,0.006153846153846154,0,0,0.0,259,170,0,4867,170,259,0.0,-1.3890967404765315,-3.7825627254417507,-8.645857658152574,-1.3890967404765315,0.0,0.0,0.0,0.0,0.8463770913420805,0.0,0.21667726179843882,0.0,17,0,0.0,v11_full_10d,128,0.0,0.0
22,22,409,100022,0,0,0,0.65,12,3951c3bae678,20,20,20,-13.5497950508469,0.7815,,,20,0,0,0,0.0,0.0,1.0,0.0,20,0,single,25,0.025,0.015,0.9,20.53846153846154,4.461538461538462,0,0.0,28,0.028717948717948718,0,0,0.0,227,175,0,4921,175,227,0.0,-1.4195808991456484,-3.2597579464299664,-7.450875306125637,-1.4195808991456484,0.0,0.0,0.0,0.0,0.8259368602864549,0.0,0.17289939976405894,0.0,17,0,0.0,v11_full_10d,128,0.002889571969127936,0.0012894906511927789
23,23,409,100023,0,0,0,0.65,12,3951c3bae678,20,20,20,-10.96153451605607,0.772,,,20,0,0,0,0.0,0.0,1.0,0.0,20,0,single,25,0.025,0.015,0.9,19.512820512820515,5.487179487179487,0,0.0,0,0.0,0,0,0.0,182,161,0,5016,161,182,0.0,-1.2813391512661485,-2.556173630202887,-5.842682583320885,-1.2813391512661485,0.0,0.0,0.0,0.0,0.8843720720618226,0.0,0.10760657810160021,0.0,15,0,0.0,v11_full_10d,128,0.0008866485406992129,0.0
24,24,409,100024,0,0,0,0.65,12,3951c3bae678,20,20,20,-10.159357032966422,0.7625,0.1851014792919159,0.1851014792919159,20,0,0,0,0.0,0.0,1.0,0.0,20,0,single,25,0.025,0.015,0.9,19.71794871794872,5.282051282051282,0,0.0,4,0.0041025641025641026,0,0,0.0,157,187,0,5044,187,157,0.0,-1.4791256271431645,-2.191640889163507,-5.009464889516588,-1.4791256271431645,0.0,0.0,0.0,0.0,0.9302753902113869,0.0,0.111952987681143,0.0,16,0,0.0,v11_full_10d,128,0.0,0.0
25,25,409,100025,0,0,0,0.65,12,3951c3bae678,20,20,20,-11.079398002557477,0.753,0.18944715186953545,0.19083678722381592,20,0,0,0,0.0,0.0,1.0,0.0,20,0,single,25,0.025,0.015,0.9,19.307692307692307,5.6923076923076925,0,0.0,22,0.022564102564102566,0,0,0.0,186,152,0,4987,152,186,0.0,-1.218372405305426,-2.630372710592452,-6.012280481354176,-1.218372405305426,0.0,0.0,0.0,0.0,0.6091789733843135,0.0,0.21274339688562224,0.0,19,0,0.0,v11_full_10d,128,0.0,0.0
26,26,409,100026,0,0,0,0.65,12,3951c3bae678,20,20,20,-12.043675225027606,0.7435,0.1756987176835537,0.17069339752197266,20,0,0,0,0.0,0.0,1.0,0.0,20,0,single,25,0.025,0.015,0.9,17.41025641025641,7.589743589743589,0,0.0,20,0.020512820512820513,0,0,0.0,193,192,0,4984,192,193,0.0,-1.5380347229982334,-2.7292713240529545,-6.2383344549781805,-1.5380347229982334,0.0,0.0,0.0,0.0,0.9034664520150305,0.0,0.13578909663036934,0.0,14,0,0.0,v11_full_10d,128,0.0,0.0
27,27,409,100027,0,0,0,0.65,12,3951c3bae678,20,20,20,-11.404830635783727,0.734,0.1612725682556629,0.15041573345661163,20,0,0,0,0.0,0.0,1.0,0.0,20,0,single,25,0.025,0.015,0.9,18.58974358974359,6.410256410256411,0,0.0,22,0.022564102564102566,0,0,0.0,185,177,0,4989,177,185,0.0,-1.4165778342860567,-2.608770642194839,-5.962904325016775,-1.4165778342860567,0.0,0.0,0.0,0.0,0.5759655492730519,0.0,0.23928285993003248,0.0,13,0,0.0,v11_full_10d,128,0.0013057435164280677,0.0
28,28,409,100028,0,0,0,0.65,12,3951c3bae678,20,20,20,-12.579591606281493,0.7245,0.14619688540697098,0.11700376868247986,20,0,0,0,0.0,0.0,1.0,0.0,20,0,single,25,0.025,0.015,0.9,17.46153846153846,7.538461538461538,0,0.0,38,0.038974358974358976,0,0,0.0,211,168,0,4956,168,211,0.0,-1.3589045410026057,-3.0014120726058255,-6.860370451670458,-1.3589045410026057,0.0,0.0,0.0,0.0,0.5081493666093064,0.0,0.33456552545928225,0.0,14,0,0.0,v11_full_10d,128,0.0,0.0
29,29,409,100029,0,0,0,0.65,12,3951c3bae678,20,20,20,-15.626303773594595,0.7150000000000001,0.12093984112143516,0.13368205726146698,20,0,0,0,0.0,0.0,1.0,0.0,20,0,single,25,0.025,0.015,0.9,20.333333333333332,4.666666666666667,0,0.0,0,0.0,0,0,0.0,272,153,0,4822,153,272,0.0,-1.2701346772180262,-3.9827061275699913,-9.10332829158855,-1.2701346772180262,0.0,0.0,0.0,0.0,0.4321472594247704,0.0,0.20211814624467975,0.0,15,0,0.0,v11_full_10d,128,0.002159896840747904,0.0
30,30,409,100030,0,0,0,0.65,12,3951c3bae678,20,20,20,-13.800849857086622,0.7055,0.1009833812713623,0.07517877221107483,20,0,0,0,0.0,0.0,1.0,0.0,20,0,single,25,0.025,0.015,0.9,21.82051282051282,3.1794871794871793,0,0.0,2,0.0020512820512820513,0,0,0.0,226,197,0,4955,197,226,0.0,-1.5870633510568144,-3.2342200906439538,-7.392503064329036,-1.5870633510568144,0.0,0.0,0.0,0.0,0.48286435385130755,0.0,0.2081631215042426,0.0,16,0,0.0,v11_full_10d,128,0.004523049645390071,0.0
31,31,409,100031,0,0,0,0.65,12,3951c3bae678,20,20,20,-14.770281298328378,0.696,0.09434020668268203,0.10685363411903381,20,0,0,0,0.0,0.0,1.0,0.0,20,0,single,25,0.025,0.015,0.9,17.256410256410255,7.743589743589744,0,0.0,34,0.03487179487179487,0,0,0.0,260,148,0,4877,148,260,0.0,-1.209272141627991,-3.7592243089350763,-8.592512706137319,-1.209272141627991,0.0,0.0,0.0,0.0,0.5281880236985116,0.0,0.24424930893037064,0.0,17,0,0.0,v11_full_10d,128,0.0,0.0
32,32,409,100032,0,0,0,0.65,12,3951c3bae678,20,20,20,-10.63234444590911,0.6865,0.07955508455634117,0.09394371509552002,20,0,0,0,0.0,0.0,1.0,0.0,20,0,single,25,0.025,0.015,0.9,16.333333333333332,8.666666666666666,0,0.0,38,0.038974358974358976,0,0,0.0,159,217,0,5088,217,159,0.0,-1.7035303782882014,-2.1989993837099537,-5.026284305622751,-1.7035303782882014,0.0,0.0,0.0,0.0,0.48980162207123706,0.0,0.25273436357454826,0.0,10,0,0.0,v11_full_10d,128,0.0003223726627981947,0.0
33,33,409,100033,0,0,0,0.65,12,3951c3bae678,20,20,20,-13.183525042252786,0.677,0.0730117043480277,0.10094007849693298,20,0,0,0,0.0,0.0,1.0,0.0,20,0,single,25,0.025,0.015,0.9,18.17948717948718,6.82051282051282,0,0.0,10,0.010256410256410256,0,0,0.0,225,157,0,4914,157,225,0.0,-1.274413225369346,-3.236647397417332,-7.398051194096759,-1.274413225369346,0.0,0.0,0.0,0.0,0.6033324906240817,0.0,0.15433892183833003,0.0,15,0,0.0,v11_full_10d,128,0.0,0.0
34,34,409,100034,0,0,0,0.65,12,3951c3bae678,21,20,20,-13.21137383766279,0.6675,0.07357074711471796,0.07831287384033203,20,0,1,1,0.05,0.05,1.0,0.0,19,0,single,25,0.025,0.015,0.9,16.333333333333332,8.666666666666666,0,0.0,46,0.04717948717948718,0,1,0.02564102564102564,229,150,0,4919,150,229,0.0,-1.2192065495044213,-3.2787271813294634,-7.494233557324487,-1.2192065495044213,0.0,0.0,0.0,0.0,0.468144513049094,0.0,0.2650053905227516,0.0,13,0,0.0,v11_full_10d,128,0.00019342359767891682,0.0
35,35,409,100035,0,0,0,0.65,12,3951c3bae678,25,20,20,-11.31989335016743,0.658,0.06675518024712801,0.06487336754798889,20,0,5,5,0.25,0.25,1.0,0.0,15,0,single,25,0.025,0.015,0.9,17.974358974358974,7.0256410256410255,0,0.0,18,0.018461538461538463,0,5,0.1282051282051282,181,186,0,5013,186,181,0.0,-1.4823318350190489,-2.5428959896045797,-5.812333690524754,-1.4823318350190489,0.0,0.0,0.0,0.0,0.4927639818345422,0.0,0.19622719715769762,0.0,15,0,0.0,v11_full_10d,128,0.0,0.0
36,36,409,100036,0,0,0,0.65,12,3951c3bae678,26,20,20,-13.661484783450843,0.6485000000000001,0.053947527520358564,0.05993007868528366,20,0,6,6,0.3,0.3,1.0,0.0,14,0,single,25,0.025,0.015,0.9,18.487179487179485,6.512820512820513,0,0.0,0,0.0,0,6,0.15384615384615385,227,177,0,4914,177,227,0.0,-1.438880823473368,-3.282002693718643,-7.5017204427854685,-1.438880823473368,0.0,0.0,0.0,0.0,0.5356291080789,0.0,0.09178147751646056,0.0,14,0,0.0,v11_full_10d,128,0.00061250805931657,0.0
37,37,409,100037,0,0,0,0.65,12,3951c3bae678,26,20,20,-13.841658334250583,0.639,0.05643691252917051,0.06641925126314163,20,0,6,6,0.3,0.3,1.0,0.0,14,0,single,25,0.025,0.015,0.9,20.28205128205128,4.717948717948718,0,0.0,0,0.0,0,6,0.15384615384615385,231,181,0,4929,181,231,0.0,-1.4662589771585086,-3.3201731591102153,-7.588967220823349,-1.4662589771585086,0.0,0.0,0.0,0.0,0.4612492636305931,0.0,0.09608677102431493,0.0,13,0,0.0,v11_full_10d,128,0.0,0.0
38,38,409,100038,0,0,0,0.65,12,3951c3bae678,25,20,20,-11.489424249883617,0.6295,0.060244730301201345,0.058968815952539444,20,0,5,5,0.25,0.25,1.0,0.0,15,0,single,25,0.025,0.015,0.9,19.82051282051282,5.17948717948718,0,0.0,0,0.0,0,5,0.1282051282051282,190,167,0,4983,167,190,0.0,-1.3385615388498877,-2.682004704577692,-6.1302964676061515,-1.3385615388498877,0.0,0.0,0.0,0.0,0.4169525536485564,0.0,0.09765358527733506,0.0,15,0,0.0,v11_full_10d,128,0.00033444816053511704,0.0
39,39,409,100039,0,0,0,0.65,12,3951c3bae678,23,20,20,-15.210500123716617,0.62,0.06757546216249466,0.08870561420917511,20,0,3,3,0.15,0.15,1.0,0.0,17,0,single,25,0.025,0.015,0.9,20.28205128205128,4.717948717948718,0,0.0,10,0.010256410256410256,0,3,0.07692307692307693,257,182,0,4873,182,257,0.0,-1.4942478830855197,-3.7197404566443053,-8.50226390090127,-1.4942478830855197,0.0,0.0,0.0,0.0,0.5405562727566162,0.0,0.2344009364141601,0.0,16,0,0.0,v11_full_10d,128,0.0,0.0
40,40,409,100040,0,0,0,0.65,12,3951c3bae678,30,20,20,-14.30037481686216,0.6105,0.07270069010555744,0.08270899951457977,20,0,10,10,0.5,0.5,1.0,0.0,10,0,single,25,0.025,0.015,0.9,19.46153846153846,5.538461538461538,0,0.0,4,0.0041025641025641026,0,10,0.2564102564102564,249,151,0,4869,151,249,0.0,-1.2388035668645148,-3.5982336426926933,-8.224534040440439,-1.2388035668645148,0.0,0.0,0.0,0.0,0.30202867278539064,0.0,0.09572293687193108,0.0,10,0,0.0,v11_full_10d,128,0.0,0.0
41,41,409,100041,0,0,0,0.65,12,3951c3bae678,22,20,20,-17.16165279544079,0.601,0.1086773481220007,0.14832782745361328,20,0,2,2,0.1,0.1,1.0,0.0,18,0,single,25,0.025,0.015,0.9,19.974358974358974,5.0256410256410255,0,0.0,0,0.0,0,2,0.05128205128205128,302,148,0,4762,148,302,0.0,-1.2390034908659942,-4.468935682433113,-10.214710131275687,-1.2390034908659942,0.0,0.0,0.0,0.0,0.5489448160902025,0.0,0.1271634267630473,0.0,14,0,0.0,v11_full_10d,128,0.0005157962604771116,0.0
42,42,409,100042,0,0,0,0.65,12,3951c3bae678,20,20,20,-12.41125602918453,0.5915,0.12862845584750177,0.10862532258033752,20,0,0,0,0.0,0.0,1.0,0.0,20,0,single,25,0.025,0.015,0.9,18.53846153846154,6.461538461538462,0,0.0,38,0.038974358974358976,0,0,0.0,203,186,0,4978,186,203,0.0,-1.4933314270479778,-2.8683544445921756,-6.5562387304964025,-1.4933314270479778,0.0,0.0,0.0,0.0,0.58721376915653,0.0,0.27449511865515186,0.0,16,0,0.0,v11_full_10d,128,0.0,0.0
43,43,409,100043,0,0,0,0.65,12,3951c3bae678,20,20,20,-14.063297735302127,0.5820000000000001,0.13732486367225646,0.18399575352668762,20,0,0,0,0.0,0.0,1.0,0.0,20,0,single,25,0.025,0.015,0.9,18.692307692307693,6.3076923076923075,0,0.0,20,0.020512820512820513,0,0,0.0,236,173,0,4882,173,236,0.0,-1.4129335283367792,-3.4200875978434757,-7.81734308078509,-1.4129335283367792,0.0,0.0,0.0,0.0,0.5077594504452879,0.0,0.24323420795160405,0.0,11,0,0.0,v11_full_10d,128,0.0,0.0
44,44,409,100044,0,0,0,0.65,12,3951c3bae678,20,20,20,-12.448202984177616,0.5725,0.16159791871905327,0.20779117941856384,20,0,0,0,0.0,0.0,1.0,0.0,20,0,single,25,0.025,0.015,0.9,18.94871794871795,6.051282051282051,0,0.0,4,0.0041025641025641026,0,0,0.0,190,229,0,5000,229,190,0.0,-1.8269787244888223,-2.6765095107130357,-6.117736024486938,-1.8269787244888223,0.0,0.0,0.0,0.0,0.4570463536063248,0.0,0.1926277559898033,0.0,12,0,0.0,v11_full_10d,128,0.0,0.0
45,45,409,100045,0,0,0,0.65,12,3951c3bae678,20,20,20,-13.08183797576175,0.563,0.22138086557388306,0.11586543917655945,20,0,0,0,0.0,0.0,1.0,0.0,20,0,single,25,0.025,0.015,0.9,18.897435897435898,6.102564102564102,0,0.0,12,0.012307692307692308,0,0,0.0,226,154,0,4938,154,226,0.0,-1.2422933874832482,-3.225250365459425,-7.372000835335829,-1.2422933874832482,0.0,0.0,0.0,0.0,0.602809887011561,0.0,0.13156943103639304,0.0,12,0,0.0,v11_full_10d,128,0.00025,0.0
46,46,409,100046,0,0,0,0.65,12,3951c3bae678,20,20,20,-14.10621131035204,0.5535000000000001,0.21826227232813836,0.1972491592168808,20,0,0,0,0.0,0.0,1.0,0.0,20,0,single,25,0.025,0.015,0.9,18.17948717948718,6.82051282051282,0,0.0,0,0.0,0,0,0.0,250,141,0,4909,141,250,0.0,-1.1430672738452143,-3.5974146668970115,-8.222662095764596,-1.1430672738452143,0.0,0.0,0.0,0.0,0.7522986358174438,0.0,0.13610181067062294,0.0,12,0,0.0,v11_full_10d,128,0.0,0.0
47,47,409,100047,0,0,0,0.65,12,3951c3bae678,20,20,20,-12.552075758334409,0.544,0.22773971781134605,0.28290802240371704,20,0,0,0,0.0,0.0,1.0,0.0,20,0,single,25,0.025,0.015,0.9,19.256410256410255,5.743589743589744,0,0.0,16,0.01641025641025641,0,0,0.0,204,186,0,4977,186,204,0.0,-1.4911406485785077,-2.9125461403583373,-6.657248320819055,-1.4911406485785077,0.0,0.0,0.0,0.0,0.5918376015972435,0.0,0.17943892319727414,0.0,13,0,0.0,v11_full_10d,128,0.0009773225906702103,0.0
48,48,409,100048,0,0,0,0.65,12,3951c3bae678,20,20,20,-14.878659668101122,0.5345,0.30320713073015215,0.1874200850725174,20,0,0,0,0.0,0.0,1.0,0.0,20,0,single,25,0.025,0.015,0.9,19.358974358974358,5.641025641025641,0,0.0,0,0.0,0,0,0.0,260,147,0,4847,147,260,0.0,-1.2124305943604914,-3.7902864937243894,-8.66351198565575,-1.2124305943604914,0.0,0.0,0.0,0.0,0.6820301293856251,0.0,0.11649197253616576,0.0,14,0,0.0,v11_full_10d,128,0.0016480898072017407,0.0
49,49,409,100049,0,0,0,0.65,12,3951c3bae678,20,20,20,-14.39052469969365,0.525,0.35588291510939596,0.38522064685821533,20,0,0,0,0.0,0.0,1.0,0.0,20,0,single,25,0.025,0.015,0.9,17.564102564102566,7.435897435897436,0,0.0,8,0.008205128205128205,0,0,0.0,251,163,0,4927,163,251,0.0,-1.322987068142858,-3.5744284323415463,-8.170122131066389,-1.322987068142858,0.0,0.0,0.0,0.0,0.5027765829871702,0.0,0.20864983104744314,0.0,8,0,0.0,v11_full_10d,128,0.0,0.0
50,50,409,100050,0,0,0,0.65,12,3951c3bae678,20,20,20,-15.662765613287897,0.5155000000000001,0.3840004071593285,0.43159350752830505,20,0,0,0,0.0,0.0,1.0,0.0,20,0,single,25,0.025,0.015,0.9,19.256410256410255,5.743589743589744,0,0.0,0,0.0,0,0,0.0,275,155,0,4855,155,275,0.0,-1.2782237030767636,-3.988879454345243,-9.117438752789125,-1.2782237030767636,0.0,0.0,0.0,0.0,0.49101175114279755,0.0,0.2013832897215522,0.0,10,0,0.0,v11_full_10d,128,0.0,0.0
51,51,409,100051,0,0,0,0.65,12,3951c3bae678,20,20,20,-10.664820714819337,0.506,0.4761518925428391,0.7180174589157104,20,0,0,0,0.0,0.0,1.0,0.0,20,0,single,25,0.025,0.015,0.9,17.82051282051282,7.17948717948718,0,0.0,0,0.0,0,0,0.0,166,194,0,5046,194,166,0.0,-1.5360720427854804,-2.310814626292984,-5.281862002955393,-1.5360720427854804,0.0,0.0,0.0,0.0,0.518266207617505,0.0,0.1717438487066937,0.0,9,0,0.0,v11_full_10d,128,0.0,0.0
52,52,409,100052,0,0,0,0.65,12,3951c3bae678,20,20,20,-12.854842451773283,0.49650000000000005,0.4965111933648586,0.7038443088531494,20,0,0,0,0.0,0.0,1.0,0.0,20,0,single,25,0.025,0.015,0.9,17.205128205128204,7.794871794871795,0,0.0,20,0.020512820512820513,0,0,0.0,221,160,0,4967,160,221,0.0,-1.28508938358204,-3.130115034446279,-7.1545486501629245,-1.28508938358204,0.0,0.0,0.0,0.0,0.583376840491604,0.0,0.21856685020506952,0.0,12,0,0.0,v11_full_10d,128,0.0,0.0
53,53,409,100053,0,0,0,0.65,12,3951c3bae678,20,20,20,-10.37854849714194,0.487,0.5302274093031883,0.7502583861351013,20,0,0,0,0.0,0.0,1.0,0.0,20,0,single,25,0.025,0.015,0.9,18.17948717948718,6.82051282051282,0,0.0,0,0.0,0,0,0.0,158,199,0,5054,199,158,0.0,-1.5744192892104094,-2.2003464970020805,-5.02936342171904,-1.5744192892104094,0.0,0.0,0.0,0.0,0.53359557843145,0.0,0.13522698274675418,0.0,8,0,0.0,v11_full_10d,128,0.00016722408026755852,0.0
54,54,409,100054,0,0,0,0.65,12,3951c3bae678,20,20,20,-10.88322467738137,0.47750000000000004,0.6992167457938194,0.3091719448566437,20,0,0,0,0.0,0.0,1.0,0.0,20,0,single,25,0.025,0.015,0.9,18.128205128205128,6.871794871794871,0,0.0,0,0.0,0,0,0.0,178,171,0,5034,171,178,0.0,-1.3579883833816093,-2.485684146709873,-5.681563763908281,-1.3579883833816093,0.0,0.0,0.0,0.0,0.5245206447742339,0.0,0.05759537709486068,0.0,9,0,0.0,v11_full_10d,128,0.0,0.0
55,55,409,100055,0,0,0,0.65,12,3951c3bae678,20,20,20,-12.389375636687063,0.46799999999999997,0.683484235405922,0.27356263995170593,20,0,0,0,0.0,0.0,1.0,0.0,20,0,single,25,0.025,0.015,0.9,17.615384615384617,7.384615384615385,0,0.0,56,0.057435897435897436,0,0,0.0,208,169,0,4968,169,208,0.0,-1.3587306143112858,-2.9436261241935417,-6.728288283870951,-1.3587306143112858,0.0,0.0,0.0,0.0,0.5865483003049254,0.0,0.3105985795235829,0.0,9,0,0.0,v11_full_10d,128,0.0006034630709359012,0.0
56,56,409,100056,0,0,0,0.65,12,3951c3bae678,20,20,20,-12.90677083287898,0.4585,0.7610214963555336,0.8535547852516174,20,0,0,0,0.0,0.0,1.0,0.0,20,0,single,25,0.025,0.015,0.9,18.17948717948718,6.82051282051282,0,0.0,0,0.0,0,0,0.0,216,169,0,4937,169,216,0.0,-1.3663988973522796,-3.0964265768356927,-7.077546461338727,-1.3663988973522796,0.0,0.0,0.0,0.0,0.5104892729943733,0.0,0.08060546923675956,0.0,9,0,0.0,v11_full_10d,128,0.0,0.0
57,57,409,100057,0,0,0,0.65,12,3951c3bae678,20,20,20,-11.521306688165716,0.44900000000000007,0.9057616382837296,1.1661138534545898,20,0,0,0,0.0,0.0,1.0,0.0,20,0,single,25,0.025,0.015,0.9,18.641025641025642,6.358974358974359,0,0.0,0,0.0,0,0,0.0,183,191,0,4995,191,183,0.0,-1.5263395573682401,-2.577408391913246,-5.8912191815159884,-1.5263395573682401,0.0,0.0,0.0,0.0,0.5689901052998528,0.0,0.11817400940789115,0.0,8,0,0.0,v11_full_10d,128,0.00044902762294066645,0.0
58,58,409,100058,0,0,0,0.65,12,3951c3bae678,20,20,20,-14.646858804924697,0.4395,1.0406878501176835,0.9392076134681702,20,0,0,0,0.0,0.0,1.0,0.0,20,0,single,25,0.025,0.015,0.9,18.28205128205128,6.717948717948718,0,0.0,0,0.0,0,0,0.0,266,114,0,4829,114,266,0.0,-0.9409556340684254,-3.884984032935431,-8.879963503852416,-0.9409556340684254,0.0,0.0,0.0,0.0,0.512298763915851,0.0,0.06528603198386804,0.0,8,0,0.0,v11_full_10d,128,0.0,0.0
59,59,409,100059,0,0,0,0.65,12,3951c3bae678,20,20,20,-12.16529538953366,0.43000000000000005,1.1716123800724745,1.9015605449676514,20,0,0,0,0.0,0.0,1.0,0.0,20,0,single,25,0.025,0.015,0.9,19.153846153846153,5.846153846153846,0,0.0,0,0.0,0,0,0.0,200,179,0,4976,179,200,0.0,-1.437075085178666,-2.827739849314534,-6.463405369861792,-1.437075085178666,0.0,0.0,0.0,0.0,0.47660443597455077,0.0,0.1471618564004629,0.0,8,0,0.0,v11_full_10d,128,0.0006368471953578337,0.0
60,60,409,100060,0,0,0,0.65,12,3951c3bae678,20,20,20,-12.427747588531307,0.4205,1.1255359277129173,0.8071192502975464,20,0,0,0,0.0,0.0,1.0,0.0,20,0,single,25,0.025,0.015,0.9,21.205128205128204,3.7948717948717947,0,0.0,28,0.028717948717948718,0,0,0.0,203,182,0,4959,182,203,0.0,-1.465211333779831,-2.8904901933391973,-6.60683472763245,-1.465211333779831,0.0,0.0,0.0,0.0,0.4903390446802153,0.0,0.26318776410992156,0.0,5,0,0.0,v11_full_10d,128,0.0,0.0
61,61,409,100061,0,0,0,0.65,12,3951c3bae678,20,20,20,-12.54345722491029,0.41100000000000003,1.1949733212590217,1.7608439922332764,20,0,0,0,0.0,0.0,1.0,0.0,20,0,single,25,0.025,0.015,0.9,18.28205128205128,6.717948717948718,0,0.0,0,0.0,0,0,0.0,208,173,0,4967,173,208,0.0,-1.3893883868456813,-2.971859267762282,-6.792821183456645,-1.3893883868456813,0.0,0.0,0.0,0.0,0.4758683889915618,0.0,0.08015182417165401,0.0,7,0,0.0,v11_full_10d,128,0.0,0.0
62,62,409,100062,0,0,0,0.65,12,3951c3bae678,20,20,20,-12.293760157247423,0.4015000000000001,1.0886149056255818,0.8773025274276733,20,0,0,0,0.0,0.0,1.0,0.0,20,0,single,25,0.025,0.015,0.9,19.615384615384617,5.384615384615385,0,0.0,0,0.0,0,0,0.0,213,150,0,4973,150,213,0.0,-1.2060625776321625,-3.007454131038334,-6.8741808709447625,-1.2060625776321625,0.0,0.0,0.0,0.0,0.4806887914866479,0.0,0.17133588778382686,0.0,8,0,0.0,v11_full_10d,128,0.0,0.0
63,63,409,100063,0,0,0,0.65,12,3951c3bae678,20,20,20,-14.524635488223858,0.392,1.5666386157274246,0.5004299879074097,20,0,0,0,0.0,0.0,1.0,0.0,20,0,single,25,0.025,0.015,0.9,19.974358974358974,5.0256410256410255,0,0.0,14,0.014358974358974359,0,0,0.0,249,153,0,4850,153,249,0.0,-1.2605624236419457,-3.653242368981728,-8.350268271958234,-1.2605624236419457,0.0,0.0,0.0,0.0,0.5155925458427908,0.0,0.15136082729208242,0.0,6,0,0.0,v11_full_10d,128,0.0010033444816053513,0.0
64,64,409,100064,0,0,0,0.65,12,3951c3bae678,20,20,20,-13.562738435000755,0.38250000000000006,1.3959965959191323,1.345438003540039,20,0,0,0,0.0,0.0,1.0,0.0,20,0,single,25,0.025,0.015,0.9,18.641025641025642,6.358974358974359,0,0.0,28,0.028717948717948718,0,0,0.0,232,164,0,4923,164,232,0.0,-1.3278151026343268,-3.3195546786141175,-7.587553551117985,-1.3278151026343268,0.0,0.0,0.0,0.0,0.5428239469833414,0.0,0.23774785423241457,0.0,5,0,0.0,v11_full_10d,128,0.0015033106976701034,0.0
65,65,409,100065,0,0,0,0.65,12,3951c3bae678,20,20,20,-12.192412636926747,0.373,1.411715677380562,0.948590874671936,20,0,0,0,0.0,0.0,1.0,0.0,20,0,single,25,0.025,0.015,0.9,19.71794871794872,5.282051282051282,0,0.0,22,0.022564102564102566,0,0,0.0,198,185,0,4970,185,198,0.0,-1.4824095479280737,-2.8083980342388775,-6.41919550683172,-1.4824095479280737,0.0,0.0,0.0,0.0,0.6124995086429945,0.0,0.21471420704430416,0.0,7,0,0.0,v11_full_10d,128,0.0,0.0
66,66,409,100066,0,0,0,0.65,12,3951c3bae678,20,20,20,-13.381776733336299,0.36350000000000005,1.6336821913719177,1.8370518684387207,20,0,0,0,0.0,0.0,1.0,0.0,20,0,single,25,0.025,0.015,0.9,18.897435897435898,6.102564102564102,0,0.0,20,0.020512820512820513,0,0,0.0,210,221,0,4954,221,210,0.0,-1.7830553628585948,-2.9873766110145112,-6.828289396604597,-1.7830553628585948,0.0,0.0,0.0,0.0,0.4702932786255224,0.0,0.1586554694799207,0.0,9,0,0.0,v11_full_10d,128,0.0,0.0
67,67,409,100067,0,0,0,0.65,12,3951c3bae678,20,20,20,-11.613994674327794,0.354,1.4550108388066292,0.7814895510673523,20,0,0,0,0.0,0.0,1.0,0.0,20,0,single,25,0.025,0.015,0.9,18.23076923076923,6.769230769230769,0,0.0,0,0.0,0,0,0.0,188,181,0,4992,181,188,0.0,-1.4453078607256848,-2.6549414204406503,-6.068437532435771,-1.4453078607256848,0.0,0.0,0.0,0.0,0.6101471370420898,0.0,0.1649576141939492,0.0,6,0,0.0,v11_full_10d,128,0.0,0.0
68,68,409,100068,0,0,0,0.65,12,3951c3bae678,20,20,20,-12.300888963156357,0.34450000000000003,1.603414499014616,1.727094292640686,20,0,0,0,0.0,0.0,1.0,0.0,20,0,single,25,0.025,0.015,0.9,19.0,6.0,0,0.0,4,0.0041025641025641026,0,0,0.0,200,184,0,4963,184,200,0.0,-1.4807496799600177,-2.842422922724097,-6.496966680512223,-1.4807496799600177,0.0,0.0,0.0,0.0,0.6384075308422422,0.0,0.0861135334221337,0.0,7,0,0.0,v11_full_10d,128,0.0009349039919588107,0.0
69,69,409,100069,0,0,0,0.65,12,3951c3bae678,20,20,20,-11.870068795984814,0.3350000000000001,1.5681113578379153,0.23751628398895264,20,0,0,0,0.0,0.0,1.0,0.0,20,0,single,25,0.025,0.015,0.9,18.128205128205128,6.871794871794871,0,0.0,0,0.0,0,0,0.0,202,152,0,4966,152,202,0.0,-1.2237458846989748,-2.8677408341786106,-6.554836192408254,-1.2237458846989748,0.0,0.0,0.0,0.0,0.4858896819726744,0.0,0.10819534375089931,0.0,0,0,0.0,v11_full_10d,128,0.0,0.0
70,70,409,100070,0,0,0,0.65,12,3951c3bae678,20,20,20,-11.644087428429577,0.3255,1.8905422627925872,2.2148189544677734,20,0,0,0,0.0,0.0,1.0,0.0,20,0,single,25,0.025,0.015,0.9,18.53846153846154,6.461538461538462,0,0.0,2,0.0020512820512820513,0,0,0.0,180,211,0,5020,211,180,0.0,-1.6780782053178518,-2.522413788024222,-5.76551722976965,-1.6780782053178518,0.0,0.0,0.0,0.0,1.2163155913964978,0.0,0.11649256093700538,0.0,5,0,0.0,v11_full_10d,128,0.0,0.0
71,71,409,100071,0,0,0,0.65,12,3951c3bae678,20,20,20,-15.982214669083744,0.31600000000000006,1.3638231575489044,1.1743205785751343,20,0,0,0,0.0,0.0,1.0,0.0,20,0,single,25,0.025,0.015,0.9,17.82051282051282,7.17948717948718,0,0.0,40,0.041025641025641026,0,0,0.0,285,124,0,4774,124,285,0.0,-1.031304998495617,-4.236401421941198,-9.683203250151312,-1.031304998495617,0.0,0.0,0.0,0.0,0.5826626119795415,0.0,0.22634369506722818,0.0,7,0,0.0,v11_full_10d,128,0.001686364822350021,0.0
72,72,409,100072,0,0,0,0.65,12,3951c3bae678,20,20,20,-15.204768859962728,0.3065,1.682625663280487,1.7055931091308594,20,0,0,0,0.0,0.0,1.0,0.0,20,0,single,25,0.025,0.015,0.9,19.82051282051282,5.17948717948718,0,0.0,0,0.0,0,0,0.0,257,176,0,4841,176,257,0.0,-1.449578842914223,-3.74518600951913,-8.560425164615152,-1.449578842914223,0.0,0.0,0.0,0.0,0.4971264886143778,0.0,0.1326894881419051,0.0,5,0,0.0,v11_full_10d,128,0.0002901353965183753,0.0
73,73,409,100073,0,0,0,0.65,12,3951c3bae678,20,20,20,-13.8353311161468,0.29700000000000004,1.818678016960621,0.6704473495483398,20,0,0,0,0.0,0.0,1.0,0.0,20,0,single,25,0.025,0.015,0.9,20.17948717948718,4.82051282051282,0,0.0,18,0.018461538461538463,0,0,0.0,245,144,0,4921,144,245,0.0,-1.166814420840355,-3.500518083533158,-8.001184190932932,-1.166814420840355,0.0,0.0,0.0,0.0,0.5705519978521071,0.0,0.16080517509058892,0.0,5,0,0.0,v11_full_10d,128,0.0,0.0
74,74,409,100074,0,0,0,0.65,12,3951c3bae678,20,20,20,-12.559983568749164,0.2875000000000001,1.8572543293237687,0.6900378465652466,20,0,0,0,0.0,0.0,1.0,0.0,20,0,single,25,0.025,0.015,0.9,19.0,6.0,0,0.0,0,0.0,0,0,0.0,212,161,0,4950,161,212,0.0,-1.299104517022678,-3.031844423605507,-6.929930111098302,-1.299104517022678,0.0,0.0,0.0,0.0,0.5228796396688927,0.0,0.04379498878973183,0.0,8,0,0.0,v11_full_10d,128,0.0,0.0
75,75,409,100075,0,0,0,0.65,12,3951c3bae678,20,20,20,-16.663781065073046,0.278,1.9168245404958726,2.4836843013763428,20,0,0,0,0.0,0.0,1.0,0.0,20,0,single,25,0.025,0.015,0.9,20.794871794871796,4.205128205128205,0,0.0,48,0.04923076923076923,0,0,0.0,283,181,0,4801,181,283,0.0,-1.5144637825029919,-4.149738021759541,-9.485115478307522,-1.5144637825029919,0.0,0.0,0.0,0.0,0.46826045597433574,0.0,0.3221767271467211,0.0,4,0,0.0,v11_full_10d,128,0.004013377926421405,0.0
76,76,409,100076,0,0,0,0.65,12,3951c3bae678,20,20,20,-12.307420749977389,0.26850000000000007,2.1598754942417147,1.838132381439209,20,0,0,0,0.0,0.0,1.0,0.0,20,0,single,25,0.025,0.015,0.9,18.076923076923077,6.923076923076923,0,0.0,12,0.012307692307692308,0,0,0.0,206,169,0,4967,169,206,0.0,-1.3593824129915346,-2.918286585563489,-6.670369338430831,-1.3593824129915346,0.0,0.0,0.0,0.0,0.4254193677426644,0.0,0.21340638051540464,0.0,9,0,0.0,v11_full_10d,128,0.001215971130252471,0.0
77,77,409,100077,0,0,0,0.65,12,3951c3bae678,20,20,20,-10.991906035283122,0.259,1.936750628054142,3.037194013595581,20,0,0,0,0.0,0.0,1.0,0.0,20,0,single,25,0.025,0.015,0.9,18.28205128205128,6.717948717948718,0,0.0,0,0.0,0,0,0.0,183,159,0,5007,159,183,0.0,-1.2679797611877168,-2.5735489387110353,-5.882397574196652,-1.2679797611877168,0.0,0.0,0.0,0.0,0.6679979033247865,0.0,0.07691766526427901,0.0,5,0,0.0,v11_full_10d,128,0.0013546099290780143,0.0
78,78,409,100078,0,0,0,0.65,12,3951c3bae678,20,20,20,-9.625794818089439,0.24950000000000006,1.8619090557098388,1.9480795860290527,20,0,0,0,0.0,0.0,1.0,0.0,20,0,single,25,0.025,0.015,0.9,17.0,8.0,0,0.0,0,0.0,0,0,0.0,153,169,0,5077,169,153,0.0,-1.3317092859301993,-2.1189840749392723,-4.843392171289765,-1.3317092859301993,0.0,0.0,0.0,0.0,0.6342554667051966,0.0,0.003205128205128203,0.0,3,0,0.0,v11_full_10d,128,0.0,0.0
79,79,409,100079,0,0,0,0.65,12,3951c3bae678,20,20,20,-11.398142848885012,0.24,1.8615406334400177,2.689223051071167,20,0,0,0,0.0,0.0,1.0,0.0,20,0,single,25,0.025,0.015,0.9,18.897435897435898,6.102564102564102,0,0.0,14,0.014358974358974359,0,0,0.0,177,201,0,5008,201,177,0.0,-1.6053887600464534,-2.4918068391975963,-5.695558489594507,-1.6053887600464534,0.0,0.0,0.0,0.0,0.6680772078486412,0.0,0.11634798902754694,0.0,4,0,0.0,v11_full_10d,128,0.0,0.0
80,80,409,100080,0,0,0,0.65,12,3951c3bae678,26,20,20,-12.330204138515072,0.23050000000000004,2.746346616744995,3.237438917160034,20,0,6,6,0.3,0.3,1.0,0.0,14,0,single,25,0.025,0.015,0.9,18.794871794871796,6.205128205128205,0,0.0,12,0.012307692307692308,0,6,0.15384615384615385,202,186,0,4992,186,202,0.0,-1.4875951066608064,-2.8471781511458345,-6.507835774047625,-1.4875951066608064,0.0,0.0,0.0,0.0,0.3842754884414003,0.0,0.21980106367441016,0.0,7,0,0.0,v11_full_10d,128,0.0,0.0
81,81,409,100081,0,0,0,0.65,12,3951c3bae678,22,20,20,-15.291795190489545,0.22100000000000009,2.088183754682541,1.4274108409881592,20,0,2,2,0.1,0.1,1.0,0.0,18,0,single,25,0.025,0.015,0.9,18.692307692307693,6.3076923076923075,0,0.0,22,0.022564102564102566,0,2,0.05128205128205128,276,125,0,4843,125,276,0.0,-1.0244917176449435,-4.030420968973807,-9.212390786225845,-1.0244917176449435,0.0,0.0,0.0,0.0,0.48750038014766367,0.0,0.23542061229736577,0.0,7,0,0.0,v11_full_10d,128,0.0005995203836930455,0.0
82,82,409,100082,0,0,0,0.65,12,3951c3bae678,20,20,20,-14.532785903872727,0.21150000000000002,2.039896735548973,1.921010971069336,20,0,0,0,0.0,0.0,1.0,0.0,20,0,single,25,0.025,0.015,0.9,18.53846153846154,6.461538461538462,0,0.0,8,0.008205128205128205,0,0,0.0,250,163,0,4873,163,250,0.0,-1.3356029441659574,-3.6100460916863346,-8.25153392385448,-1.3356029441659574,0.0,0.0,0.0,0.0,0.7798194462235349,0.0,0.11717171717171729,0.0,3,0,0.0,v11_full_10d,128,0.0,0.0
83,83,409,100083,0,0,0,0.65,12,3951c3bae678,20,20,20,-13.030663880787696,0.20200000000000007,2.3160221755504606,1.946970820426941,20,0,0,0,0.0,0.0,1.0,0.0,20,0,single,25,0.025,0.015,0.9,20.28205128205128,4.717948717948718,0,0.0,28,0.028717948717948718,0,0,0.0,211,195,0,4944,195,211,0.0,-1.5756272592376968,-3.006776762442875,-6.872632599869428,-1.5756272592376968,0.0,0.0,0.0,0.0,0.5487978932215999,0.0,0.21288156526395702,0.0,4,0,0.0,v11_full_10d,128,0.00025,0.0
84,84,409,100084,0,0,0,0.65,12,3951c3bae678,20,20,20,-11.205690141570212,0.1925,1.908072431385517,1.5874338150024414,20,0,0,0,0.0,0.0,1.0,0.0,20,0,single,25,0.025,0.015,0.9,18.58974358974359,6.410256410256411,0,0.0,24,0.024615384615384615,0,0,0.0,155,259,0,5065,259,155,0.0,-2.0453172246871802,-2.1654517324074334,-4.949603959788419,-2.0453172246871802,0.0,0.0,0.0,0.0,0.5291457721823515,0.0,0.23054176971851637,0.0,1,0,0.0,v11_full_10d,128,0.0007414571244358477,0.0
85,85,409,100085,0,0,0,0.65,12,3951c3bae678,20,20,20,-11.457674979966644,0.18300000000000005,2.1849647000432015,1.962860107421875,20,0,0,0,0.0,0.0,1.0,0.0,20,0,single,25,0.025,0.015,0.9,17.46153846153846,7.538461538461538,0,0.0,24,0.024615384615384615,0,0,0.0,162,256,0,5052,256,162,0.0,-2.024037108271576,-2.255095884520193,-5.154504878903298,-2.024037108271576,0.0,0.0,0.0,0.0,1.2230210360314666,0.0,0.12529137529137532,0.0,0,0,0.0,v11_full_10d,128,0.0,0.0
86,86,409,100086,0,0,0,0.65,12,3951c3bae678,20,20,20,-14.82943442443296,0.1735,1.8334942013025284,2.1486434936523438,20,0,0,0,0.0,0.0,1.0,0.0,20,0,single,25,0.025,0.015,0.9,17.307692307692307,7.6923076923076925,0,0.0,24,0.024615384615384615,0,0,0.0,247,189,0,4880,189,247,0.0,-1.5416967041284395,-3.574882048401415,-8.171158967774664,-1.5416967041284395,0.0,0.0,0.0,0.0,0.6604625494933789,0.0,0.18722410527895111,0.0,2,0,0.0,v11_full_10d,128,0.0,0.0
87,87,409,100087,0,0,0,0.65,12,3951c3bae678,20,20,20,-9.837426504003586,0.16400000000000003,2.438396966457367,3.393991470336914,20,0,0,0,0.0,0.0,1.0,0.0,20,0,single,25,0.025,0.015,0.9,17.871794871794872,7.128205128205129,0,0.0,16,0.01641025641025641,0,0,0.0,159,162,0,5054,162,159,0.0,-1.27771167700011,-2.2162618282618936,-5.065741321741471,-1.27771167700011,0.0,0.0,0.0,0.0,0.5414372934895167,0.0,0.12794096859877613,0.0,4,0,0.0,v11_full_10d,128,0.0,0.0
88,88,409,100088,0,0,0,0.65,12,3951c3bae678,20,20,20,-12.854869792505754,0.15450000000000008,2.2345235258340836,2.7294394969940186,20,0,0,0,0.0,0.0,1.0,0.0,20,0,single,25,0.025,0.015,0.9,19.256410256410255,5.743589743589744,0,0.0,46,0.04717948717948718,0,0,0.0,197,231,0,4974,231,197,0.0,-1.8557446396037975,-2.782767982308135,-6.360612530990023,-1.8557446396037975,0.0,0.0,0.0,0.0,0.49164347028225724,0.0,0.23918550142307038,0.0,3,0,0.0,v11_full_10d,128,0.0,0.0
89,89,409,100089,0,0,0,0.65,12,3951c3bae678,20,20,20,-13.425754493385323,0.14500000000000002,1.8818925082683564,2.762697696685791,20,0,0,0,0.0,0.0,1.0,0.0,20,0,single,25,0.025,0.015,0.9,18.384615384615383,6.615384615384615,0,0.0,46,0.04717948717948718,0,0,0.0,228,169,0,4938,169,228,0.0,-1.3671925171418744,-3.253895052770044,-7.437474406331529,-1.3671925171418744,0.0,0.0,0.0,0.0,0.514078685495608,0.0,0.29654902188051363,0.0,1,0,0.0,v11_full_10d,128,0.0,0.0
90,90,409,100090,0,0,0,0.65,12,3951c3bae678,21,20,20,-11.871115177467798,0.13550000000000006,2.0283812552690508,1.3968467712402344,20,0,1,1,0.05,0.05,1.0,0.0,19,0,single,25,0.025,0.015,0.9,17.82051282051282,7.17948717948718,0,0.0,34,0.03487179487179487,0,1,0.02564102564102564,173,247,0,5038,247,173,0.0,-1.960531036882438,-2.4195813793878456,-5.530471724315076,-1.960531036882438,0.0,0.0,0.0,0.0,0.6773077071927646,0.0,0.2055167551336133,0.0,1,0,0.0,v11_full_10d,128,0.000470459235491613,0.0
91,91,409,100091,0,0,0,0.65,12,3951c3bae678,36,20,20,-10.682177707145481,0.126,1.711476945877075,0.8223937153816223,20,0,16,16,0.8,0.8,1.0,0.0,4,0,single,25,0.025,0.015,0.9,17.41025641025641,7.589743589743589,0,0.0,0,0.0,0,16,0.41025641025641024,175,165,0,5023,165,175,0.0,-1.3148116823930303,-2.450777408544172,-5.60177693381525,-1.3148116823930303,0.0,0.0,0.0,0.0,0.11672645781265852,0.0,0.03319407683392813,0.0,4,0,0.0,v11_full_10d,128,0.0,0.0
92,92,409,100092,0,0,0,0.65,12,3951c3bae678,38,20,20,-10.268347145750043,0.11650000000000005,2.0421035945415498,3.431077003479004,20,0,18,18,0.9,0.9,1.0,0.0,2,0,single,25,0.025,0.015,0.9,16.384615384615383,8.615384615384615,0,0.0,24,0.024615384615384615,0,18,0.46153846153846156,173,146,0,5028,146,173,0.0,-1.1588164326864705,-2.4197826070712924,-5.530931673305811,-1.1588164326864705,0.0,0.0,0.0,0.0,0.13448275862068965,0.0,0.11120689655172411,0.0,1,0,0.0,v11_full_10d,128,6.447453255963895e-05,0.0
93,93,409,100093,0,0,0,0.65,12,3951c3bae678,21,20,20,-11.188340774614456,0.1070000000000001,2.2428424060344696,2.225330352783203,20,0,1,1,0.05,0.05,1.0,0.0,19,0,single,25,0.025,0.015,0.9,18.487179487179485,6.512820512820513,0,0.0,14,0.014358974358974359,0,1,0.02564102564102564,184,168,0,5004,168,184,0.0,-1.3415652371324327,-2.588542265323788,-5.916668035025802,-1.3415652371324327,0.0,0.0,0.0,0.0,0.7950988815356631,0.0,0.10457319039694517,0.0,1,0,0.0,v11_full_10d,128,0.0002578981302385558,0.0
94,94,409,100094,0,0,0,0.65,12,3951c3bae678,22,20,20,-11.737204860984235,0.09750000000000003,2.3604183733463286,2.192595958709717,20,0,2,2,0.1,0.1,1.0,0.0,18,0,single,25,0.025,0.015,0.9,19.41025641025641,5.589743589743589,0,0.0,16,0.01641025641025641,0,2,0.05128205128205128,183,206,0,5006,206,183,0.0,-1.646291811803166,-2.57010211572371,-5.8745191216541945,-1.646291811803166,0.0,0.0,0.0,0.0,0.6545179904347337,0.0,0.17789275753178738,0.0,4,0,0.0,v11_full_10d,128,0.0,0.0
95,95,409,100095,0,0,0,0.65,12,3951c3bae678,26,20,20,-15.642654163089864,0.08800000000000008,2.5083009883761407,2.2595176696777344,20,0,6,6,0.3,0.3,1.0,0.0,14,0,single,25,0.025,0.015,0.9,19.82051282051282,5.17948717948718,0,0.0,54,0.055384615384615386,0,6,0.15384615384615385,220,322,0,4914,322,220,0.0,-2.6161104699038757,-3.1683927201293387,-7.242040503152775,-2.6161104699038757,0.0,0.0,0.0,0.0,0.2999933438665628,0.0,0.33148468490573757,0.0,2,0,0.0,v11_full_10d,128,0.0,0.0
96,96,409,100096,0,0,0,0.65,12,3951c3bae678,26,20,20,-10.82125191151215,0.07850000000000001,2.2886015504598616,2.172631025314331,20,0,6,6,0.3,0.3,1.0,0.0,14,0,single,25,0.025,0.015,0.9,17.307692307692307,7.6923076923076925,0,0.0,0,0.0,0,6,0.15384615384615385,176,170,0,5043,170,176,0.0,-1.3429319469448602,-2.4759876575372606,-5.659400360085169,-1.3429319469448602,0.0,0.0,0.0,0.0,0.3862486537828985,0.0,0.057473927187596946,0.0,4,0,0.0,v11_full_10d,128,0.0005621808162754127,0.0
97,97,409,100097,0,0,0,0.65,12,3951c3bae678,20,20,20,-13.245724847639051,0.06900000000000006,2.044538381695747,0.8048939108848572,20,0,0,0,0.0,0.0,1.0,0.0,20,0,single,25,0.025,0.015,0.9,16.897435897435898,8.102564102564102,0,0.0,40,0.041025641025641026,0,0,0.0,229,151,0,4922,151,229,0.0,-1.2284319489515978,-3.283566376006564,-7.505294573729289,-1.2284319489515978,0.0,0.0,0.0,0.0,0.543066128946718,0.0,0.16559007092784983,0.0,1,0,0.0,v11_full_10d,128,0.0008704061895551257,0.0
98,98,409,100098,0,0,0,0.65,12,3951c3bae678,20,20,20,-12.074400814951208,0.0595,2.1547946229577066,0.8734961152076721,20,0,0,0,0.0,0.0,1.0,0.0,20,0,single,25,0.025,0.015,0.9,18.28205128205128,6.717948717948718,0,0.0,42,0.043076923076923075,0,0,0.0,178,247,0,5043,247,178,0.0,-1.9623423361545602,-2.480348391238896,-5.6693677514031915,-1.9623423361545602,0.0,0.0,0.0,0.0,0.5324321825940338,0.0,0.18531468531468528,0.0,1,0,0.0,v11_full_10d,128,0.0,0.0
99,99,409,100099,0,0,0,0.65,12,3951c3bae678,20,20,20,-14.418169485220096,0.050000000000000044,2.4025658518075943,2.23848032951355,20,0,0,0,0.0,0.0,1.0,0.0,20,0,single,25,0.025,0.015,0.9,17.358974358974358,7.641025641025641,0,0.0,34,0.03487179487179487,0,0,0.0,247,166,0,4883,166,247,0.0,-1.3629396558811775,-3.5585230962697474,-8.133767077187995,-1.3629396558811775,0.0,0.0,0.0,0.0,0.5209553055448807,0.0,0.2602309694297627,0.0,1,0,0.0,v11_full_10d,128,8.051529790660226e-05,0.0
100,100,409,100100,0,0,0,0.65,12,3951c3bae678,26,20,20,-10.74193941794917,0.050000000000000044,2.929522842168808,4.213415622711182,20,0,6,6,0.3,0.3,1.0,0.0,14,0,single,25,0.025,0.015,0.9,17.512820512820515,7.487179487179487,0,0.0,16,0.01641025641025641,0,6,0.15384615384615385,165,198,0,5043,198,165,0.0,-1.567011936269556,-2.3154525572987144,-5.292462988111347,-1.567011936269556,0.0,0.0,0.0,0.0,0.4336136540028248,0.0,0.10319721430832537,0.0,1,0,0.0,v11_full_10d,128,0.0,0.0
101,101,409,100101,0,0,0,0.65,12,3951c3bae678,28,20,20,-13.708806667021339,0.050000000000000044,2.3235516786575316,1.4985884428024292,20,0,8,8,0.4,0.4,1.0,0.0,12,0,single,25,0.025,0.015,0.9,18.53846153846154,6.461538461538462,0,0.0,0,0.0,0,8,0.20512820512820512,229,177,0,4908,177,229,0.0,-1.4361390325206174,-3.298073922341771,-7.538454679638333,-1.4361390325206174,0.0,0.0,0.0,0.0,0.3251218653997173,0.0,0.0454058806690386,0.0,2,0,0.0,v11_full_10d,128,0.0,0.0
102,102,409,100102,0,0,0,0.65,12,3951c3bae678,20,20,20,-12.132813314030848,0.050000000000000044,2.3478417329490187,2.267974615097046,20,0,0,0,0.0,0.0,1.0,0.0,20,0,single,25,0.025,0.015,0.9,18.435897435897434,6.564102564102564,0,0.0,30,0.03076923076923077,0,0,0.0,181,241,0,5049,241,181,0.0,-1.910022203030183,-2.5299731459040604,-5.7827957620664225,-1.910022203030183,0.0,0.0,0.0,0.0,0.4510778552166742,0.0,0.2728787338210297,0.0,1,0,0.0,v11_full_10d,128,0.0,0.0
103,103,409,100103,0,0,0,0.65,12,3951c3bae678,20,20,20,-15.433523716329379,0.050000000000000044,2.252376374602318,3.5774292945861816,20,0,0,0,0.0,0.0,1.0,0.0,20,0,single,25,0.025,0.015,0.9,17.46153846153846,7.538461538461538,0,0.0,54,0.055384615384615386,0,0,0.0,273,151,0,4867,151,273,0.0,-1.2402764321741904,-3.9422085201681303,-9.010762331812868,-1.2402764321741904,0.0,0.0,0.0,0.0,0.5443831135873646,0.0,0.2756419915613261,0.0,0,0,0.0,v11_full_10d,128,0.0002398081534772182,0.0
104,104,409,100104,0,0,0,0.65,12,3951c3bae678,27,20,20,-11.509035754935493,0.050000000000000044,1.8575618714094162,1.47998046875,20,0,7,7,0.35,0.35,1.0,0.0,13,0,single,25,0.025,0.015,0.9,17.71794871794872,7.282051282051282,0,0.0,60,0.06153846153846154,0,7,0.1794871794871795,169,237,0,5044,237,169,0.0,-1.8746665101528708,-2.361648658365577,-5.3980540762641755,-1.8746665101528708,0.0,0.0,0.0,0.0,0.47088567570801076,0.0,0.2772144522144522,0.0,1,0,0.0,v11_full_10d,128,0.0,0.0
105,105,409,100105,0,0,0,0.65,12,3951c3bae678,21,20,20,-12.652168651053303,0.050000000000000044,2.21787941865623,2.1537063121795654,20,0,1,1,0.05,0.05,1.0,0.0,19,0,single,25,0.025,0.015,0.9,16.692307692307693,8.307692307692308,0,0.0,42,0.043076923076923075,0,1,0.02564102564102564,212,170,0,4967,170,212,0.0,-1.3642617355368478,-3.020239837385098,-6.90340534259451,-1.3642617355368478,0.0,0.0,0.0,0.0,0.49170519881034325,0.0,0.23256842985353196,0.0,1,0,0.0,v11_full_10d,128,0.00038684719535783365,0.0
106,106,409,100106,0,0,0,0.65,12,3951c3bae678,26,20,20,-12.342840190636718,0.050000000000000044,2.0770534690469504,2.9394350051879883,20,0,6,6,0.3,0.3,1.0,0.0,14,0,single,25,0.025,0.015,0.9,17.923076923076923,7.076923076923077,0,0.0,8,0.008205128205128205,0,6,0.15384615384615385,187,231,0,4994,231,187,0.0,-1.8484906414336328,-2.631348363234181,-6.01451054453527,-1.8484906414336328,0.0,0.0,0.0,0.0,0.30242453865520647,0.0,0.15219337370458344,0.0,1,0,0.0,v11_full_10d,128,0.0,0.0
107,107,409,100107,0,0,0,0.65,12,3951c3bae678,24,20,20,-10.885004298718972,0.050000000000000044,2.186157539486885,2.9292821884155273,20,0,4,4,0.2,0.2,1.0,0.0,16,0,single,25,0.025,0.015,0.9,17.41025641025641,7.589743589743589,0,0.0,0,0.0,0,4,0.10256410256410256,176,177,0,5029,177,176,0.0,-1.4040953005351815,-2.4581606905887066,-5.6186530070599,-1.4040953005351815,0.0,0.0,0.0,0.0,0.3171362452347062,0.0,0.09202277579128244,0.0,1,0,0.0,v11_full_10d,128,0.0,0.0
108,108,409,100108,0,0,0,0.65,12,3951c3bae678,29,20,20,-11.62797932998662,0.050000000000000044,2.0224403887987137,0.7861117124557495,20,0,9,9,0.45,0.45,1.0,0.0,11,0,single,25,0.025,0.015,0.9,17.256410256410255,7.743589743589744,0,0.0,0,0.0,0,9,0.23076923076923078,193,168,0,4992,168,193,0.0,-1.3476164499835621,-2.7186619569624537,-6.214084473057039,-1.3476164499835621,0.0,0.0,0.0,0.0,0.24455149788483124,0.0,0.11054246165357273,0.0,0,0,0.0,v11_full_10d,128,0.0,0.0
109,109,409,100109,0,0,0,0.65,12,3951c3bae678,20,20,20,-12.328642320970946,0.050000000000000044,2.574431910738349,2.2249810695648193,20,0,0,0,0.0,0.0,1.0,0.0,20,0,single,25,0.025,0.015,0.9,17.205128205128204,7.794871794871795,0,0.0,74,0.0758974358974359,0,0,0.0,162,311,0,5054,311,162,0.0,-2.463101860465845,-2.2529160956641237,-5.149522504375137,-2.463101860465845,0.0,0.0,0.0,0.0,0.4562796331081121,0.0,0.3727412299634521,0.0,0,0,0.0,v11_full_10d,128,0.0,0.0
110,110,409,100110,0,0,0,0.65,12,3951c3bae678,34,20,20,-13.716322264529667,0.050000000000000044,1.7606122219935059,0.8114604949951172,20,0,14,14,0.7,0.7,1.0,0.0,6,0,single,25,0.025,0.015,0.9,19.615384615384617,5.384615384615385,0,0.0,32,0.03282051282051282,0,14,0.358974358974359,233,170,0,4916,170,233,0.0,-1.384461932839131,-3.331816903998254,-7.615581494853152,-1.384461932839131,0.0,0.0,0.0,0.0,0.15455992283578493,0.0,0.13619885861265174,0.0,0,0,0.0,v11_full_10d,128,0.002733105623947437,0.0
111,111,409,100111,0,0,0,0.65,12,3951c3bae678,21,20,20,-14.253137210978876,0.050000000000000044,2.4635138332843782,2.930947780609131,20,0,1,1,0.05,0.05,1.0,0.0,19,0,single,25,0.025,0.015,0.9,18.23076923076923,6.769230769230769,0,0.0,44,0.04512820512820513,0,1,0.02564102564102564,213,272,0,4981,272,213,0.0,-2.181216189748123,-3.010214513929496,-6.880490317553134,-2.181216189748123,0.0,0.0,0.0,0.0,0.5648127714881759,0.0,0.2704432582303228,0.0,0,0,0.0,v11_full_10d,128,0.0,0.0
112,112,409,100112,0,0,0,0.65,12,3951c3bae678,21,20,20,-10.907221739792377,0.050000000000000044,2.3672215290367604,2.2145025730133057,20,0,1,1,0.05,0.05,1.0,0.0,19,0,single,25,0.025,0.015,0.9,16.897435897435898,8.102564102564102,0,0.0,36,0.036923076923076927,0,1,0.02564102564102564,169,196,0,5018,196,169,0.0,-1.5583730807712437,-2.3710143064238802,-5.4194612718260124,-1.5583730807712437,0.0,0.0,0.0,0.0,0.6703851111255277,0.0,0.2427718832891245,0.0,0,0,0.0,v11_full_10d,128,0.0004180602006688963,0.0
113,113,409,100113,0,0,0,0.65,12,3951c3bae678,30,20,20,-12.458658865122123,0.050000000000000044,2.110758487135172,2.8927905559539795,20,0,10,10,0.5,0.5,1.0,0.0,10,0,single,25,0.025,0.015,0.9,18.641025641025642,6.358974358974359,0,0.0,10,0.010256410256410256,0,10,0.2564102564102564,207,174,0,4973,174,207,0.0,-1.4007366053863723,-2.939143460019377,-6.718042194330006,-1.4007366053863723,0.0,0.0,0.0,0.0,0.22878575731176412,0.0,0.07652251222455068,0.0,0,0,0.0,v11_full_10d,128,0.0005995203836930455,0.0
114,114,409,100114,0,0,0,0.65,12,3951c3bae678,20,20,20,-11.437390513675332,0.050000000000000044,2.7951237887144087,3.5938518047332764,20,0,0,0,0.0,0.0,1.0,0.0,20,0,single,25,0.025,0.015,0.9,17.153846153846153,7.846153846153846,0,0.0,62,0.06358974358974359,0,0,0.0,171,220,0,5009,220,171,0.0,-1.7500175447180175,-2.4157168682467423,-5.5216385559925545,-1.7500175447180175,0.0,0.0,0.0,0.0,0.5562919715328393,0.0,0.3257813888145982,0.0,3,0,0.0,v11_full_10d,128,0.0,0.0
115,115,409,100115,0,0,0,0.65,12,3951c3bae678,20,20,20,-12.52083095672148,0.050000000000000044,2.2782097447663547,2.1936631202697754,20,0,0,0,0.0,0.0,1.0,0.0,20,0,single,25,0.025,0.015,0.9,19.76923076923077,5.230769230769231,0,0.0,24,0.024615384615384615,0,0,0.0,188,239,0,5018,239,188,0.0,-1.8946181090870549,-2.6574418769492003,-6.074152861598172,-1.8946181090870549,0.0,0.0,0.0,0.0,0.44681862859702876,0.0,0.20447996778296093,0.0,2,0,0.0,v11_full_10d,128,0.0006688963210702342,0.0
116,116,409,100116,0,0,0,0.65,12,3951c3bae678,20,20,20,-13.475741318949371,0.050000000000000044,2.2734566211700438,1.4877043962478638,20,0,0,0,0.0,0.0,1.0,0.0,20,0,single,25,0.025,0.015,0.9,17.76923076923077,7.230769230769231,0,0.0,38,0.038974358974358976,0,0,0.0,225,177,0,4918,177,225,0.0,-1.4368912093669903,-3.2266831435438137,-7.375275756671575,-1.4368912093669903,0.0,0.0,0.0,0.0,0.46370001821864465,0.0,0.20458365956450253,0.0,0,0,0.0,v11_full_10d,128,0.0004573594767859338,0.0
117,117,409,100117,0,0,0,0.65,12,3951c3bae678,20,20,20,-11.20674502929351,0.050000000000000044,2.561560180783272,2.197054386138916,20,0,0,0,0.0,0.0,1.0,0.0,20,0,single,25,0.025,0.015,0.9,18.743589743589745,6.256410256410256,0,0.0,30,0.03076923076923077,0,0,0.0,163,235,0,5042,235,163,0.0,-1.8665085125838805,-2.2746128708208806,-5.19911513330487,-1.8665085125838805,0.0,0.0,0.0,0.0,0.5541983941983942,0.0,0.1534731934731935,0.0,0,0,0.0,v11_full_10d,128,0.0,0.0
118,118,409,100118,0,0,0,0.65,12,3951c3bae678,20,20,20,-10.838075753571177,0.050000000000000044,2.301570850610733,3.6108779907226562,20,0,0,0,0.0,0.0,1.0,0.0,20,0,single,25,0.025,0.015,0.9,18.128205128205128,6.871794871794871,0,0.0,2,0.0020512820512820513,0,0,0.0,169,196,0,5051,196,169,0.0,-1.550705683085497,-2.35463698746962,-5.382027399930561,-1.550705683085497,0.0,0.0,0.0,0.0,0.4502321179520614,0.0,0.07504153305258274,0.0,1,0,0.0,v11_full_10d,128,0.0,0.0
119,119,409,100119,0,0,0,0.65,12,3951c3bae678,20,20,20,-11.959384238538531,0.050000000000000044,2.0071273505687715,1.4865888357162476,20,0,0,0,0.0,0.0,1.0,0.0,20,0,single,25,0.025,0.015,0.9,16.743589743589745,8.256410256410257,0,0.0,38,0.038974358974358976,0,0,0.0,179,233,0,5024,233,179,0.0,-1.8571300726383468,-2.5093855936014284,-5.735738499660406,-1.8571300726383468,0.0,0.0,0.0,0.0,0.5232392299058966,0.0,0.21519453797231566,0.0,0,0,0.0,v11_full_10d,128,0.0,0.0
